Sequence_ID,Length,GC_Content,EcoRI_Sites,RNA,Protein,Codon_Usage
I,230218,39.27,79,CCACACCACACCCACACACCCACACACCACACCACACACCACACCACACC,PHHTHTPTHHTTHHTTPTHTHPNTTLTQP,"{'CCA': 0.016380197813367386, 'CAC': 0.011597753423943497, 'ACC': 0.011584722240321088, 'ACA': 0.01653657201683629, 'CCC': 0.007036839156100549, 'CAT': 0.01940343241376614, 'CCT': 0.011050443711802343, 'AAC': 0.016640821485815558, 'ACT': 0.014647050391587068, 'CTA': 0.01271843521547062, 'CAG': 0.012184156686951875, 'TAA': 0.019325245312031693, 'TCT': 0.019273120577542057, 'GGC': 0.00826177041660694, 'CAA': 0.02254394766676657, 'GTC': 0.011128630813536794, 'CTT': 0.021397203507994633, 'CTC': 0.01115469318078161, 'TAC': 0.013565462150927169, 'GCC': 0.008913329597727362, 'TCC': 0.011623815791188314, 'CGT': 0.00892636078134977, 'TTC': 0.021384172324372223, 'CCG': 0.007297462828548717, 'TTA': 0.021683889547687615, 'ATT': 0.02744367270879214, 'ATC': 0.01604138703918477, 'ATG': 0.018178501153259752, 'TCA': 0.021527515344218717, 'TGT': 0.01744875487040488, 'GAA': 0.026674832875070043, 'ACG': 0.009695200615071868, 'AAT': 0.02836888674598314, 'GAT': 0.019468588331878183, 'AAA': 0.03811621209554464, 'GCT': 0.012522967461134495, 'GTA': 0.017175100014334303, 'TGA': 0.01911674637407316, 'TTT': 0.03777740132136202, 'CGC': 0.0052776293670754116, 'CGG': 0.006124656302531959, 'TAT': 0.022413635830542487, 'ATA': 0.0227394154211027, 'AGA': 0.0179439398480564, 'TGG': 0.013695773987151253, 'AGT': 0.014816455778678378, 'TGC': 0.012119000768839833, 'AGC': 0.011180755548026427, 'GGT': 0.012692372848225804, 'GTG': 0.013239682560366959, 'GTT': 0.020107116329376198, 'TTG': 0.023417036969467935, 'GCA': 0.014816455778678378, 'TAG': 0.011232880282516062, 'GCG': 0.00620284340426641, 'CGA': 0.008287832783851758, 'AGG': 0.011376223302362553, 'GAC': 0.010815882406598991, 'GAG': 0.01257509219562413, 'TCG': 0.009082734984818671, 'CTG': 0.013826085823375337, 'AAG': 0.020537145388915674, 'GGA': 0.013148464275010098, 'GGG': 0.006515591811204212}"
II,813184,38.34,283,AAA,K,"{'AAA': 0.03913141322432958, 'TAG': 0.012366220149708, 'CCC': 0.006599990408063129, 'TCA': 0.02034597378449869, 'TGT': 0.016907633337145515, 'ACG': 0.008341295870671178, 'TCT': 0.02129409985206282, 'CCT': 0.011517702657335434, 'CCA': 0.015586897414235173, 'AGC': 0.012277679193982167, 'GTT': 0.018139828304330023, 'GTC': 0.00973212671686447, 'TAC': 0.014162863709644693, 'CCG': 0.005780986567599175, 'GAT': 0.017269175573026, 'CAA': 0.022655417046347503, 'GCT': 0.01168371694932137, 'ACT': 0.015092543744765938, 'CTT': 0.022282807191001286, 'TAT': 0.023035405314670868, 'TTT': 0.03999468754265645, 'ATG': 0.017564312092112108, 'AGG': 0.011436540114586754, 'TTG': 0.023433839615437116, 'TCG': 0.00914185367869225, 'CAC': 0.010683941990917174, 'CTC': 0.011569351548175504, 'GCC': 0.007813739342804757, 'GTG': 0.010300264516105231, 'ACA': 0.01735771652875183, 'CTA': 0.012779411276428553, 'AAT': 0.029506273495633825, 'AAC': 0.018479235301279047, 'GAA': 0.023016959282227984, 'ATA': 0.024721372679950268, 'CAT': 0.01861942514784495, 'GCA': 0.012428936660013797, 'TCC': 0.012705627146657026, 'TGA': 0.019486388672660396, 'TAA': 0.02125351858068848, 'TTC': 0.024437303780329888, 'CGA': 0.0086032295313601, 'ATC': 0.018228369260055853, 'ACC': 0.012580194126045429, 'TGG': 0.01490808342033712, 'CAG': 0.01235515253024227, 'CGC': 0.005334592582481434, 'GTA': 0.014395283718425004, 'CGT': 0.008647500009223015, 'TGC': 0.012347774117265117, 'GAG': 0.011189363279852137, 'AAG': 0.021187112863894107, 'CTG': 0.012746208418031365, 'ATT': 0.029048811891050352, 'CGG': 0.00567399957943046, 'AGA': 0.019479010259683245, 'GGT': 0.011491878211915399, 'GAC': 0.010152696256562175, 'GGA': 0.012945425568414489, 'GCG': 0.005614972275613238, 'AGT': 0.015878344726832704, 'GGC': 0.008223241263036734, 'GGG': 0.006500381832871567, 'TTA': 0.021533898273820285}"
III,316620,38.53,103,CCCACACACCACACCCACACCACACCCACACACCACACACACCACACCCA,PTHHTHTTPTHHTHHTHTPTPHHTHTTPTHPHPHTTPTHTTPTHTHTHTP,"{'CCC': 0.00689785863179837, 'ACA': 0.018429031646768998, 'CAC': 0.012687132840629145, 'ACC': 0.012184953572105363, 'CCA': 0.016249763122986545, 'TAA': 0.02036194807655865, 'TAC': 0.015633882888004547, 'CCT': 0.011209020276672352, 'AAC': 0.019291263975743794, 'ACT': 0.015235929505400796, 'CTA': 0.013160886867538375, 'TTC': 0.023033920788326702, 'TGA': 0.0193481144589729, 'TTT': 0.035967405722948646, 'CTG': 0.012829259048701913, 'TCT': 0.020371423157096835, 'TTA': 0.022465415956035625, 'CTC': 0.011758574947887058, 'TCC': 0.012990335417851051, 'ATT': 0.028283115406480954, 'TCG': 0.008849725222664393, 'TGT': 0.01718779609626682, 'CAA': 0.025525866969869245, 'CCG': 0.005808224369907144, 'ATC': 0.01760469963994694, 'CTT': 0.021688459351904492, 'ATA': 0.025611142694712905, 'GTT': 0.017263596740572294, 'GTA': 0.013786242183058557, 'GCT': 0.01168277430358158, 'GAC': 0.009910934242941065, 'CAT': 0.019215463331438316, 'GTC': 0.009494030699260943, 'TTG': 0.021697934432442677, 'GAA': 0.022815993935948454, 'ACG': 0.009001326511275345, 'AAT': 0.028927420883077506, 'GAT': 0.016363464089444762, 'CGT': 0.008953951108584423, 'AAA': 0.03936895963615691, 'TAT': 0.0237729770703051, 'GCC': 0.007835891605078643, 'GGT': 0.012203903733181733, 'TCA': 0.020807276861853324, 'AGT': 0.015330680310782642, 'TGC': 0.011985976880803486, 'CGC': 0.005827174530983513, 'ATG': 0.01915861284820921, 'GGC': 0.007494788705703998, 'AGC': 0.010725791169224938, 'GTG': 0.010593140041690355, 'GCG': 0.005438696228917946, 'CGG': 0.006007201061209021, 'GCA': 0.012393405343945424, 'GAG': 0.01077316657191586, 'CAG': 0.012990335417851051, 'AGA': 0.019338639378434715, 'GGA': 0.012393405343945424, 'AGG': 0.011616448739814288, 'TAG': 0.012308129619101762, 'GGG': 0.0064525298465036955, 'CGA': 0.009304529088497252, 'TGG': 0.014421072579116923, 'AAG': 0.021678984271366306}"
IV,1531933,37.91,576,ACACCACACCCACACCACACCCACACACACCACACCCACACACCACACCC,TPHPHHTHTHHTHTPHPHPHTHTHTPHTTPHHTHTHTTPTPTHHTHTHTP,"{'ACA': 0.017360431141852248, 'CCA': 0.014867500646242784, 'CAC': 0.010173428063386626, 'ACC': 0.011961366431408183, 'CCC': 0.006478094327946671, 'ACT': 0.015129914382622728, 'CCT': 0.01109383445218195, 'AAC': 0.017924424843922575, 'CTA': 0.012852398148220678, 'TTC': 0.023411613570315133, 'TAA': 0.021893922184535605, 'TGA': 0.02045260494591144, 'TTT': 0.039583349652595544, 'TAC': 0.014187966567706661, 'CTG': 0.012323654052529746, 'TCT': 0.02020389938979015, 'TCA': 0.020350772749704295, 'CAT': 0.01855500113582065, 'TCC': 0.012870022951410376, 'CTC': 0.010727630208129342, 'GTT': 0.018249504547199223, 'ATC': 0.01809675625288851, 'CAA': 0.02299253491669343, 'CTT': 0.021314261990741105, 'CGT': 0.008471655399848035, 'CCG': 0.005397106398978545, 'TTA': 0.022788870524279147, 'AAT': 0.029721293112226915, 'TAT': 0.024169480107472132, 'TGT': 0.01734084802719703, 'ATA': 0.024696265891697544, 'TTG': 0.023317614619970076, 'AAA': 0.039802680536734004, 'ATG': 0.018415961021768592, 'GTA': 0.013633764422963943, 'GCC': 0.007502291224414661, 'TGC': 0.012119989660115462, 'GTC': 0.009288271280970695, 'CGC': 0.005397106398978545, 'CGG': 0.005614478971651483, 'CAG': 0.012447027674857631, 'ATT': 0.029827041931365098, 'GCA': 0.012274696265891697, 'CGA': 0.008563696038727567, 'TGG': 0.014869458957708305, 'AGT': 0.01560970069167561, 'GAC': 0.009417519837695145, 'GCT': 0.011673494645976452, 'TAG': 0.013155936425376583, 'ACG': 0.008759527185279765, 'GAT': 0.01765809448461159, 'GAA': 0.024527851105662652, 'GGG': 0.006192180853980464, 'GCG': 0.005520480021306428, 'AGC': 0.011422830778389641, 'AGA': 0.020914766451774622, 'GAG': 0.011268124172613405, 'GGT': 0.011497246614079476, 'GTG': 0.010555298799163408, 'AGG': 0.011957449808477138, 'GGA': 0.012292321069081395, 'AAG': 0.021942879971173654, 'TCG': 0.009264771543384433, 'GGC': 0.007655039518725374}"
V,576874,38.51,184,CGUCUCCUCCAAGCCCUGUUGUCUCUUACCCGGAUGUUCAACCAAAAGCU,RLLQALLSLTRMFNQKLLTTFILCLLFIDCLFILLFPTCLSLLPCNKH,"{'CGT': 0.009209999427950345, 'CTC': 0.010816938910297414, 'CAA': 0.021618276466397284, 'GCC': 0.008013895606138613, 'CTG': 0.012912720824167537, 'TTG': 0.023526842129896874, 'TCT': 0.02038576948479128, 'CTT': 0.02074980108273398, 'ACC': 0.010785736201902325, 'CGG': 0.006198938067824287, 'ATG': 0.01801436364676454, 'TTC': 0.022247531085698238, 'AAC': 0.018206780348534252, 'AAG': 0.022731173065822112, 'CTA': 0.0130635339147438, 'ACT': 0.015362133433182, 'TTT': 0.03902938775085677, 'ATT': 0.028160444326567547, 'TTA': 0.022642765392036027, 'TGT': 0.017858350104789096, 'ATA': 0.023069202406768907, 'GAT': 0.017535922118039844, 'ATC': 0.016631043574582272, 'CCC': 0.006942602617907234, 'TCG': 0.009537627866098778, 'CCG': 0.006417357026589908, 'TGC': 0.012694301865401917, 'AAA': 0.038348128617564, 'CAC': 0.010640123562725244, 'TAA': 0.021410258410430025, 'ACA': 0.016750653956763447, 'GTG': 0.011768621516347619, 'TAC': 0.014670473397090867, 'ACG': 0.008944776406592091, 'CAT': 0.019148062051786097, 'TAG': 0.013401563255690594, 'TAT': 0.025789038488540805, 'GAC': 0.009823652693053757, 'AAT': 0.029564566204346537, 'CCA': 0.014134826902975179, 'GAA': 0.023376029039320612, 'AGT': 0.015070908154827839, 'TCA': 0.020734199728536438, 'GGA': 0.012361472975854304, 'TCC': 0.01252788742062811, 'AGC': 0.01091054703548268, 'TGA': 0.0202401568456142, 'GCT': 0.011841427835936159, 'GGT': 0.012153454919887046, 'GCA': 0.012371873878652666, 'GCG': 0.0062301407762193756, 'AGA': 0.019896927053268225, 'CGA': 0.009204798976551165, 'GTT': 0.01801436364676454, 'CCT': 0.01130578134182047, 'GAG': 0.011851828738734521, 'AGG': 0.011649011134166446, 'GTC': 0.009392015226921697, 'GGC': 0.007821478904368899, 'GGG': 0.006911399909512146, 'GTA': 0.01385400252741938, 'CGC': 0.0058037037614864975, 'TGG': 0.014956498224045846, 'CAG': 0.012761907733591276}"
VI,270161,38.73,85,GAUCUCGCAAGUGCAUUCCUAGACUUAAUUCAUAUCUGCUCCUCAACUGU,DLASAFLDLIHICSSTVDDAC,"{'GAT': 0.01624598847345452, 'CTC': 0.011948519205356846, 'GCA': 0.01241491121894884, 'AGT': 0.015279890731013959, 'TTC': 0.02441895328306664, 'CTA': 0.010738120884368095, 'GAC': 0.009949696289962577, 'TTA': 0.0188111445482105, 'ATT': 0.02858316769013803, 'CAT': 0.0185779485414145, 'ATC': 0.019022131411502115, 'TGC': 0.014302688416821205, 'TCC': 0.013047871808823693, 'TCA': 0.01858905311316669, 'ACT': 0.01478018500216539, 'GTC': 0.010460506590563336, 'GCC': 0.007850932228798596, 'TAA': 0.024552208144092924, 'GCT': 0.01121561746971228, 'TGA': 0.024696567576871397, 'CGT': 0.00856162482093878, 'GCG': 0.005452344730325475, 'CCT': 0.011371081474242945, 'CAG': 0.011870787203091513, 'CGC': 0.006407337901013848, 'TCG': 0.008750402540726017, 'TGG': 0.014968962721952628, 'AAC': 0.017189877072390704, 'GAA': 0.024552208144092924, 'AAA': 0.03802205367949985, 'CAA': 0.02355279668639579, 'CTT': 0.02188711092356723, 'TCT': 0.020554562313304388, 'CGA': 0.011182303754455709, 'CCA': 0.014224956414555873, 'AGA': 0.02243123493942456, 'CCG': 0.005452344730325475, 'TAT': 0.02478540415088892, 'TTG': 0.021087581757409525, 'CCC': 0.006840416199349272, 'GGC': 0.008783716255982588, 'TTT': 0.039387916005019265, 'CTG': 0.011981832920613417, 'CAC': 0.011049048893429425, 'ATA': 0.022808790378999032, 'AAT': 0.02718399164936204, 'ACA': 0.01717877250063851, 'GGA': 0.01593506046439319, 'TAG': 0.01324775410036312, 'GGT': 0.011448813476508278, 'ACC': 0.01265921179749703, 'AAG': 0.020521248598047815, 'GTA': 0.013514263822415688, 'GAG': 0.009860859715945055, 'ATG': 0.01589064217738443, 'TGT': 0.01738975936393013, 'GTG': 0.010071846579236671, 'ACG': 0.00795087337456831, 'AGC': 0.011404395189499516, 'TAC': 0.013947342120751114, 'GTT': 0.018389170821627263, 'CGG': 0.006362919614005086, 'AGG': 0.011748636913817419, 'GGG': 0.0066516384795620356}"
VII,1090940,38.06,392,CCACACCCACACACACCACACCCACACCCACACACUACCCUAACACUACC,PHPHTPHPHPHTTLTLP,"{'CCA': 0.014970603279013107, 'CAC': 0.010521221187638527, 'ACA': 0.01764078251926324, 'ACT': 0.015025601821551729, 'ACC': 0.011475445900683633, 'CTA': 0.012913657788068616, 'CCC': 0.0066878227726965235, 'TAA': 0.022777646392370603, 'TAT': 0.024936339187011543, 'TCT': 0.01996722086864698, 'AAC': 0.017624282956501654, 'GAT': 0.01766553186340562, 'CAA': 0.023173635898648685, 'CCT': 0.011387448232621835, 'TTA': 0.022656649598785633, 'TCC': 0.013106152686953795, 'ATT': 0.029941206558026214, 'TCG': 0.009281004053392584, 'TGT': 0.017049548186973046, 'TTC': 0.023704371834146396, 'TAC': 0.014437117416388466, 'CAT': 0.018009272754272013, 'CTC': 0.010776964410443124, 'GCC': 0.007969288813846433, 'CGT': 0.008555023291882765, 'ATA': 0.024042612870758925, 'GTT': 0.017929524867591008, 'TTG': 0.022563152076469972, 'AAA': 0.03922771046567266, 'ATC': 0.017495036381535888, 'GTA': 0.013870632428240652, 'AAT': 0.029063979804535178, 'CTT': 0.021086441209307954, 'ATG': 0.018190767944649466, 'TAG': 0.012663414419517884, 'TCA': 0.021237687201289168, 'TGA': 0.021504430132601487, 'GTC': 0.009165507114061477, 'CGC': 0.005664849881478141, 'CGG': 0.005436605929942857, 'CAG': 0.012352672654174664, 'GGC': 0.007705295809661044, 'AGC': 0.011225202532132899, 'TTT': 0.03956870142941212, 'TGC': 0.01251216842753667, 'ACG': 0.008874014838606777, 'AGA': 0.020794948933853252, 'GAA': 0.024240607623897965, 'AGT': 0.01486060619393586, 'AAG': 0.021504430132601487, 'GCT': 0.011739438904869021, 'GGA': 0.013034654581653586, 'GTG': 0.010023484377663991, 'GGT': 0.011755938467630608, 'GCA': 0.012743162306198886, 'GAG': 0.010826463098727883, 'GCG': 0.005568602432035551, 'AGG': 0.010991458726343752, 'TGG': 0.015237346210325426, 'GAC': 0.009533997349070249, 'CGA': 0.00895651265241471, 'CTG': 0.012160177755289485, 'CCG': 0.0057115986426359705, 'GGG': 0.006682322918442661}"
VIII,562643,38.5,179,CCCACACACACCACACCCACACACCACACCCACACUUUUCACAUCUACCU,PTHTTPTHHTHTFHIYLYSRCHSLPGFLTEIKKKKMKMKPCSLALQHFYI,"{'CCC': 0.0068836078423008635, 'ACA': 0.017531605410910332, 'CAC': 0.010866609436567901, 'ACC': 0.01187968882466795, 'ACT': 0.015521442625048655, 'TTT': 0.03876361658677558, 'ATC': 0.017526273414130857, 'TAC': 0.014929590982527047, 'CTC': 0.01114920526588002, 'TCT': 0.01960042016134622, 'CGC': 0.005523948663535007, 'TGT': 0.017387641497864537, 'TCC': 0.013580595797320138, 'TTA': 0.021749214863474222, 'GGC': 0.007656747375324585, 'CTG': 0.013026068132254848, 'GAA': 0.02501772888929175, 'ATT': 0.028606162721877715, 'AAA': 0.039862007923347216, 'ATG': 0.018294080950375106, 'GCC': 0.008355238953435672, 'CTA': 0.01314870405818275, 'CAA': 0.023439457842567464, 'TTC': 0.023114206039019553, 'ATA': 0.024308573317621717, 'AAT': 0.028099623027827692, 'AGC': 0.011090553301305806, 'CCT': 0.011410473108074243, 'TAG': 0.012498200451086927, 'TCA': 0.02054418359131311, 'ACG': 0.008968418583075176, 'CCA': 0.014998906940660207, 'GTT': 0.017355649517187693, 'GTC': 0.00977355009677574, 'CCG': 0.005678576570139752, 'GAT': 0.017536937407689804, 'GCT': 0.011917012802124267, 'CTT': 0.02092275536265576, 'TAT': 0.024607165137272256, 'AGG': 0.011389145120956347, 'TTG': 0.022399718470570044, 'GTG': 0.010914597407583165, 'AAC': 0.018709976699174072, 'AGT': 0.015041562914895999, 'CAT': 0.018709976699174072, 'TAA': 0.021018731304686292, 'GCA': 0.013319327955125915, 'TGA': 0.019408468277285162, 'TCG': 0.009602926199832575, 'CGA': 0.008600510805291473, 'TGG': 0.01420443942051859, 'CAG': 0.013164700048521171, 'GTA': 0.014060475507472794, 'CGG': 0.005881192447759762, 'CGT': 0.009011074557310967, 'TGC': 0.01283944824497326, 'GAG': 0.011346489146720555, 'AAG': 0.02182919481516633, 'AGA': 0.019211184396444623, 'GGT': 0.011405141111294769, 'GAC': 0.009874858035585746, 'GGA': 0.012295584573466918, 'GCG': 0.005774552512170282, 'GGG': 0.006862279855182968}"
IX,439888,38.9,150,CACACACACCACACCCACACCACACCACACCACACCCACACCCACACACA,HTHHTHTTPHHTHTHTHHTHTPHPHQLSLIYLYSRCHTLPGFLTEIKKNE,"{'CAC': 0.011334729146348949, 'ACA': 0.017268071118264464, 'ACC': 0.011880323810433134, 'CCA': 0.015099332328529827, 'CAA': 0.022137503495215816, 'CTC': 0.011136951080618431, 'TCT': 0.01998922450538434, 'ATC': 0.016988453852921317, 'TAC': 0.014253660599199339, 'CTT': 0.02167374803074426, 'TCG': 0.008634035559132232, 'CGC': 0.005783303439292364, 'TGT': 0.017254431251662358, 'TTA': 0.020405240436748528, 'CCC': 0.007406447564942815, 'GGC': 0.008429437560100662, 'TTT': 0.038894079615901356, 'CTG': 0.013182931070934127, 'GAA': 0.02320823302348103, 'ATT': 0.028636899931118672, 'AAA': 0.03811660721958139, 'AAT': 0.028432301932087106, 'TTC': 0.02476999774942201, 'AGC': 0.012650976273452045, 'CCT': 0.011314269346445792, 'CAT': 0.017813665782348647, 'TAG': 0.012432738407818372, 'TAA': 0.021864706163173726, 'ATA': 0.02318095329027682, 'GCC': 0.007911122629220686, 'GTC': 0.010604996283136351, 'TCC': 0.013012432738407818, 'AAG': 0.020766696901704303, 'TAT': 0.022724017759106315, 'TGA': 0.02132593143239059, 'GGA': 0.012630516473548889, 'GTT': 0.01734309038457604, 'TCA': 0.019068533509742275, 'GCT': 0.011859864010529977, 'ACT': 0.015065232662024565, 'ATG': 0.016886154853405534, 'AGA': 0.021250912166079015, 'TTG': 0.022751297492310526, 'GTG': 0.010714115215953187, 'CTA': 0.012678256006656254, 'AAC': 0.018645697645077033, 'AGT': 0.016722476454180277, 'GCA': 0.013414808803169904, 'GAC': 0.010209440151675317, 'CGT': 0.008668135225637493, 'CCG': 0.005824223039098677, 'GGT': 0.012453198207721528, 'GCG': 0.006049280838033404, 'ACG': 0.009111430890205894, 'TGC': 0.012916953672193086, 'CGA': 0.009472887355161667, 'GAG': 0.011109671347414222, 'AGG': 0.011341549079650001, 'GAT': 0.017418109650887616, 'GGG': 0.00703817116668599, 'GTA': 0.015065232662024565, 'TGG': 0.015276650594357188, 'CAG': 0.012582776940441522, 'CGG': 0.005912882172012358}"
X,745751,38.37,280,CCCACACACACACCACACCCACACCCACACACACCACACCCACACACCAC,PTHTPHPHPHTPHPHTTPTPTLSHLPLLALSHLTRLSDRN,"{'CCC': 0.00651693800461013, 'ACA': 0.017877328699066306, 'CAC': 0.010523648037074135, 'CCA': 0.015097573044013468, 'ACC': 0.011167296235060322, 'ACT': 0.016006726123668956, 'CTC': 0.010990292980614122, 'TCT': 0.01960713323115418, 'CAT': 0.01842845246859198, 'CTA': 0.013041921611695088, 'CCT': 0.011199478644959631, 'TTA': 0.022225976836710477, 'GCG': 0.005845130197962049, 'CTG': 0.013005716400558365, 'TCA': 0.020653061552881734, 'CTT': 0.020721449173917765, 'CGG': 0.005611807726192057, 'GAC': 0.009888045441562777, 'CGA': 0.008717410281475402, 'AAT': 0.02929001580960886, 'TAA': 0.02172312668203377, 'AAA': 0.03960447818233749, 'TGA': 0.019558859616305217, 'GTT': 0.017499185382749423, 'TAG': 0.012752279922601304, 'TAC': 0.013810276648041096, 'AAC': 0.018223289605483882, 'TTT': 0.03707815900524171, 'ATA': 0.02552869665262709, 'GCC': 0.007691595965934919, 'AGC': 0.011300048675894972, 'CGT': 0.008898436337159017, 'CAA': 0.022036905178552033, 'TTG': 0.023855211337863006, 'AGT': 0.015926270098920683, 'TTC': 0.023392589195560438, 'AAG': 0.022503550122092018, 'TAT': 0.02316731232626527, 'GTC': 0.00955013013762003, 'TCC': 0.01267182389785303, 'GCA': 0.01302180760550802, 'CGC': 0.005704332154652571, 'TGC': 0.0119557652775934, 'CAG': 0.012623550283004067, 'AGA': 0.01953070000764332, 'TCG': 0.010040911888584497, 'GCT': 0.01183508124047099, 'ATC': 0.01743884336418822, 'TGG': 0.014980911808128472, 'GTG': 0.01147302912910376, 'GTA': 0.014872296174718304, 'GAG': 0.011392573104355487, 'ATG': 0.020013436156132963, 'CCG': 0.006179022700667383, 'TGT': 0.016843468781051, 'ATT': 0.029117035356400076, 'GAA': 0.023207540338639407, 'GGT': 0.011690260395924098, 'GGA': 0.012406319016183729, 'ACG': 0.009232328839864351, 'GAT': 0.01742677496047598, 'GGC': 0.007655390754798196, 'AGG': 0.011481074731578587, 'GGG': 0.006689918457818918}"
XI,666816,38.07,251,CACCACACCCACACACCACACCCACACACACACCACACCCACACACCACA,HHTHTPHPHTHHTHTPHPHTTPTTLTLF,"{'CAC': 0.010244205298013245, 'ACC': 0.01119799164987043, 'ACA': 0.017055679527785778, 'CCA': 0.014680211632594298, 'CCC': 0.0066135185718399075, 'ACT': 0.014738698531528937, 'CTA': 0.013186546213648143, 'TTC': 0.025203354448603513, 'TAA': 0.02249496112870717, 'TCC': 0.013613950475093579, 'AAC': 0.018504355024474516, 'CCT': 0.011602900950187157, 'GAT': 0.017856500143967752, 'CAA': 0.02356122228620789, 'GTC': 0.009686330262021307, 'AAA': 0.03958663259429888, 'CTC': 0.011031528937517996, 'TTA': 0.0220315649294558, 'TAC': 0.014050352720990499, 'CGT': 0.008390620501007775, 'GCC': 0.007742765620501008, 'CAT': 0.01810394471638353, 'TCT': 0.020605384393895768, 'TGT': 0.01713216239562338, 'CAG': 0.012777137921105672, 'ATT': 0.028825043190325368, 'TGC': 0.013132558306939246, 'ATC': 0.01763604952490642, 'GTA': 0.01405485171321624, 'CTG': 0.013141556291390728, 'TTG': 0.02306183414915059, 'TAT': 0.024042614454362222, 'TGA': 0.01995303052116326, 'GTT': 0.017941980996256837, 'TCG': 0.00928591995393032, 'ATA': 0.024303556003455226, 'AAT': 0.030197235819176504, 'ATG': 0.018819284480276418, 'TCA': 0.020366937805931472, 'CTT': 0.021734631442556867, 'GGT': 0.01066711056723294, 'CGC': 0.005430283616469911, 'CGG': 0.005128851137345234, 'TGG': 0.014869169306075439, 'AGT': 0.014644219694788367, 'CGA': 0.008768535847970054, 'GGC': 0.007742765620501008, 'AGC': 0.011836848545925713, 'GTG': 0.01063561762165275, 'TTT': 0.03964062050100777, 'GCT': 0.010946048085228909, 'GCA': 0.012021307227181111, 'GCG': 0.005763209041174777, 'GAC': 0.009893283904405413, 'GGA': 0.012093291102792975, 'GAA': 0.02330927872156637, 'CCG': 0.005925172761301468, 'AGG': 0.011553412035704003, 'AGA': 0.020038511373452347, 'TAG': 0.012912107687877915, 'ACG': 0.00878653181687302, 'GGG': 0.006456053843938958, 'GAG': 0.010743593435070545, 'AAG': 0.022004570976101354}"
XII,1078177,38.48,422,CACACACACACACCACCCACACACCACACCACACACCACACCACACACCA,HTHTPPTHHTTHHTTHHTTPTHPHTLFTSTSTLAVIPYPAF,"{'CAC': 0.010848878105244413, 'ACA': 0.016731034636274598, 'CCA': 0.01458017985931796, 'CCC': 0.006758636808832695, 'ACC': 0.01227907132045232, 'CTT': 0.02197322144065533, 'TTC': 0.025451317781141482, 'TCT': 0.02008948446264803, 'ACT': 0.01465530674027246, 'CTC': 0.01196743388834476, 'GCT': 0.010954612233995192, 'GTC': 0.010659669664321966, 'ATA': 0.023731746950405128, 'CCT': 0.010940699848633247, 'TAC': 0.01393186270145134, 'CCG': 0.005826506989582406, 'TGA': 0.02056807051909892, 'AAA': 0.038078198735642416, 'TTA': 0.02091031519900276, 'AAC': 0.018150097943192948, 'GTT': 0.018389390971418396, 'TAG': 0.01328632802065711, 'AGC': 0.01222620425607693, 'TAA': 0.022532499332205504, 'GCC': 0.007980144243611433, 'CTA': 0.01214829489805004, 'AAT': 0.029082450360609028, 'CAT': 0.018336523907043007, 'GTA': 0.014288019766717123, 'CGT': 0.008817669842400499, 'CAA': 0.023375589885139346, 'CTG': 0.012882868845160716, 'TTG': 0.0233115929124744, 'CGG': 0.005882156531030185, 'ATG': 0.017946977116908555, 'AAG': 0.02170888611877838, 'TTT': 0.039079890481702434, 'ATT': 0.028904371827976137, 'TGT': 0.017070496839106046, 'GAT': 0.01682563885673582, 'ATC': 0.019290913542872407, 'TCG': 0.008987400943816223, 'TGC': 0.012771569762265159, 'GTG': 0.010843313151099635, 'ACG': 0.008720283144866886, 'TAT': 0.023837481079155908, 'GAC': 0.009802666726026178, 'GAA': 0.023581493188496127, 'AGT': 0.015554046834654082, 'TCA': 0.018906931706882735, 'GGA': 0.01274374499154127, 'CAG': 0.012137164989760484, 'CGC': 0.006007367999287686, 'GGT': 0.011154950583207195, 'GCA': 0.011719793428902146, 'GCG': 0.005528781942836791, 'AGA': 0.020662674739560145, 'TCC': 0.012771569762265159, 'CGA': 0.009235041403258837, 'AGG': 0.011703098566467812, 'GGC': 0.0080886608494346, 'GGG': 0.006766984240049862, 'TGG': 0.01491407710800463, 'GAG': 0.011107648472976583}"
XIII,924431,38.2,346,CCACACACACACCACACCCACACCACACCCACACCCACACCCACACCCAC,PHTHHTHTTPTPTPTPTLFTSIFTLAVTPYPAF,"{'CCA': 0.015184508491187533, 'CAC': 0.009943435353066596, 'ACA': 0.017222523308983165, 'ACC': 0.012292993837276849, 'CCC': 0.0067209055535903785, 'CTT': 0.021386174600753545, 'TTC': 0.024524327990575804, 'TCT': 0.02043531736888393, 'ATC': 0.017962439516717887, 'TTT': 0.03944921675975115, 'ACT': 0.014769116935968041, 'CTC': 0.011410286782435428, 'GCT': 0.010897537831461367, 'GTC': 0.009774682533758678, 'CCT': 0.011238288716602356, 'TAC': 0.014285575203720351, 'CCG': 0.0058057460334974345, 'TGA': 0.019854418240881667, 'AAA': 0.03931616165221991, 'TTA': 0.02201575242663309, 'AAT': 0.029710231937769154, 'GAA': 0.024439951580921843, 'CTG': 0.011900319007733423, 'AGC': 0.011799716365453702, 'GCA': 0.012445520423959007, 'CTA': 0.012630499475892686, 'CAT': 0.017521085989297178, 'TAG': 0.012617518489792078, 'TAA': 0.021924885523928826, 'ATA': 0.02473202376818555, 'GCC': 0.0081001353267801, 'ATG': 0.018650431780050172, 'TCC': 0.012964759867983372, 'AAG': 0.021743151718520298, 'TGT': 0.01687203668426672, 'GGA': 0.012714875885546645, 'TCA': 0.020542410504213952, 'TAT': 0.023859052452919586, 'GTT': 0.018124701842975502, 'ATT': 0.028876203580805015, 'CGC': 0.005367637752601876, 'TGC': 0.012568839791914792, 'CGT': 0.008083909094154337, 'AAC': 0.018767260654955653, 'CAG': 0.012101524292292864, 'AGA': 0.0201854333864472, 'CAA': 0.022856271276647532, 'GTA': 0.014262858478044284, 'TCG': 0.009385252950740403, 'GCG': 0.005591559762837384, 'CGA': 0.008830315794939363, 'TTG': 0.023210003147889128, 'GTG': 0.010644408602499489, 'GAT': 0.018056551665947305, 'GGG': 0.006448304845477587, 'AGT': 0.015054698630181442, 'GAC': 0.00977792778028383, 'TGG': 0.0147107024985153, 'GGC': 0.008418169486245023, 'GGT': 0.011679642244023068, 'GAG': 0.011637454039196088, 'ACG': 0.008895220725442408, 'CGG': 0.005393599724803095, 'AGG': 0.01141353202896058}"
XIV,784333,38.64,312,CCGGCUUUC,PAF,"{'CCG': 0.0061083826746836795, 'GCT': 0.01104634262021695, 'TTC': 0.023767996205688407, 'TGA': 0.020122856137451996, 'AAA': 0.03875399703186916, 'TTA': 0.021209130827251725, 'AAT': 0.02884365294288643, 'GAA': 0.022662596961490797, 'ACC': 0.011631553984792155, 'CTG': 0.013417787365554382, 'TTT': 0.038210859686969294, 'AGC': 0.011145790303085937, 'CCT': 0.011195514144520432, 'ACA': 0.01757164058077447, 'GCA': 0.012350637230152537, 'CTT': 0.021538073162895306, 'CTA': 0.013555484157219137, 'CAT': 0.01847049463747495, 'TAG': 0.013765854255595844, 'CCC': 0.0069842872661067, 'TAA': 0.021381251816832668, 'ATA': 0.024096938541331988, 'GCC': 0.007883141322807178, 'CTC': 0.011107541194290173, 'ATG': 0.019090130199966342, 'TAC': 0.014557610807668181, 'GTC': 0.009726748366763054, 'TCC': 0.012660455011398234, 'AAG': 0.02179434219182693, 'TGT': 0.016745459830785944, 'GGA': 0.012473034378298985, 'TCA': 0.019656217010143664, 'TAT': 0.023833019690641208, 'GTT': 0.017770535946512445, 'ATT': 0.028040421658175364, 'TCT': 0.019728890316855617, 'CCA': 0.015169596548400423, 'CGC': 0.005657043190893652, 'TGC': 0.012538057863251786, 'CGT': 0.009049739141078013, 'AAC': 0.01798855586664831, 'ACT': 0.014928627162987103, 'CAG': 0.013039121188476308, 'AGA': 0.020631569284435672, 'CAA': 0.02368002325545815, 'CAC': 0.011535931212802742, 'GTA': 0.014408439283364698, 'TCG': 0.00928305870473218, 'ATC': 0.017189149492816816, 'GCG': 0.005771790517280947, 'CGA': 0.009474304248711004, 'TTG': 0.023328131454537108, 'GTG': 0.01109989137253102, 'GAT': 0.01719679931457597, 'GGG': 0.006651520019583543, 'AGT': 0.015257569498630682, 'GAC': 0.010028916326249599, 'TGG': 0.015257569498630682, 'GGC': 0.007906090788084637, 'GGT': 0.011463257906090788, 'GAG': 0.011080766818133138, 'ACG': 0.009497253713988464, 'CGG': 0.006322577683939964, 'AGG': 0.011665978182708344}"
XV,1091291,38.16,392,ACACCACACCCACACCACACCCACACCCACACACCACACCCACACACACA,TPHPHHTHTHTPHPHTHTHHTHTHPHTTPHPHTTHTHTTLP,"{'ACA': 0.017852282942465287, 'CCA': 0.01455068272474111, 'CAC': 0.01057831610141768, 'ACC': 0.011584465709816557, 'CTA': 0.013431822367860393, 'CCC': 0.006971572149998763, 'TAA': 0.02162122040999222, 'TCT': 0.020480367711944315, 'AAC': 0.018451574239271174, 'CCT': 0.011108881332076104, 'GTC': 0.009585911706248298, 'CAA': 0.023069965884380764, 'TCC': 0.013011218843037912, 'AAA': 0.04038618551089583, 'CTT': 0.02081575091474394, 'CTC': 0.011268325805538222, 'CAT': 0.018003480287989707, 'TAC': 0.01414657345579402, 'GTT': 0.017932005179196346, 'CTG': 0.012340452437438662, 'TTA': 0.023234908443134677, 'ATA': 0.024889832115965616, 'CAG': 0.012912253307785563, 'CGA': 0.009258775631386369, 'ACG': 0.008928890513878542, 'ATC': 0.017739572193983446, 'ACT': 0.015345156049405794, 'CGT': 0.008656735291934585, 'TGC': 0.012348699565376358, 'GTA': 0.014547933682095211, 'TTG': 0.023108452481423344, 'TTC': 0.023768222716439, 'TAT': 0.02388643155021264, 'TGA': 0.01947971618883724, 'GCT': 0.01134804804226928, 'TCG': 0.00904984839029808, 'AAT': 0.0293267869464459, 'ATT': 0.029087620236252724, 'GAT': 0.017560884422000038, 'ATG': 0.01918831766837199, 'GCC': 0.007930988033417363, 'GGA': 0.012488900740317185, 'AGT': 0.01483658315991456, 'TCA': 0.020040520888600546, 'TGG': 0.014426975805675674, 'GCA': 0.012469657441795895, 'GCG': 0.005470594865338146, 'TTT': 0.038772497477753375, 'CCG': 0.005882951262222931, 'TGT': 0.016587723325351945, 'AGA': 0.020252197172334733, 'GAA': 0.023781967929668493, 'TAG': 0.012763805004907041, 'GTG': 0.010333651305932709, 'GGT': 0.011664187946547614, 'GGG': 0.006696667885408907, 'AGG': 0.011287569104059512, 'AGC': 0.011419523151062642, 'AAG': 0.022124295214191656, 'GGC': 0.008104177720108971, 'CGC': 0.0057207577461149154, 'GAC': 0.009638143516520372, 'GAG': 0.010699273977837218, 'CGG': 0.005748248172573901}"
XVI,948066,38.06,334,AAA,K,"{'AAA': 0.03949725019144237, 'TAG': 0.012401035370955186, 'CCC': 0.006800159482567669, 'TCA': 0.01981507616558341, 'TGT': 0.01686591439836467, 'ACG': 0.008040579453329198, 'TCT': 0.021134604552847585, 'CCT': 0.011217573460075564, 'CCA': 0.014483168893304896, 'AGC': 0.011492870749504782, 'GTT': 0.01866009328464474, 'GTC': 0.009869566042870433, 'TAC': 0.014147749207333667, 'CCG': 0.005594547215067305, 'GAT': 0.018188607122288956, 'CAA': 0.0230047275189702, 'GCT': 0.01229661226117169, 'ACT': 0.015154008265247355, 'CTT': 0.021463695565498604, 'TAT': 0.023830619387257848, 'TTT': 0.03910487244558923, 'ATG': 0.018046211972584186, 'AGA': 0.02091310098664017, 'TTG': 0.023349640214921745, 'TCC': 0.013052888722937011, 'CAC': 0.010334723531906006, 'CTC': 0.011372625956420756, 'GCC': 0.00812601654315206, 'GTG': 0.010432817968369291, 'ACA': 0.016793134655182233, 'CTA': 0.012603552917201968, 'AAT': 0.030523191423381918, 'AAC': 0.018938554910734064, 'AGT': 0.015122364898646297, 'GAA': 0.024355899272835435, 'ATA': 0.024637525235584865, 'CAT': 0.0180525406459044, 'GCA': 0.012454829094176988, 'ATT': 0.029782736644917127, 'TGA': 0.019489149489592496, 'TCG': 0.008660789438709963, 'TAA': 0.02208390555087937, 'TTC': 0.023742017960774884, 'CGA': 0.008695597141971129, 'ATC': 0.018081019675845352, 'ACC': 0.011290353203258, 'TGG': 0.014593920676408604, 'CAG': 0.01189157716867813, 'CGC': 0.005553410838485928, 'GTA': 0.014166735227294303, 'CGG': 0.005312921252317877, 'CGT': 0.008350684446019581, 'TGC': 0.012688990007024828, 'GAG': 0.011511856769465418, 'AAG': 0.0217801292315092, 'CTG': 0.011961192575200461, 'GGT': 0.011834619108796223, 'GAC': 0.010185999708881028, 'GGA': 0.012847206840030125, 'GCG': 0.005651505274949212, 'GGC': 0.007806418540481359, 'AGG': 0.011448570036263298, 'GGG': 0.006369809696793261, 'TTA': 0.0220459335109581}"
Mito,85779,17.11,10,CUCAUAAUUAAUUUUUUAUAUAUAUAUUAUAUUAUAAUAUUAAUUUAUAU,LIINFLYIYYIIILIYIIKIIFIIKIFILLSGFRLPWPGPGIIN,"{'CTC': 0.0046864617214003425, 'ATA': 0.11932990592102963, 'ATT': 0.07841079984611618, 'AAT': 0.08099884587136712, 'TTT': 0.049907319973420065, 'TTA': 0.07610254258035183, 'TAT': 0.10726401566817054, 'AAA': 0.055433147973280174, 'CTT': 0.011016682404784388, 'TCG': 0.00192354772147029, 'GGG': 0.008078900430175218, 'TTC': 0.010596999265554507, 'CGG': 0.0058755639492183405, 'CCG': 0.0058755639492183405, 'TGG': 0.005176092050501871, 'GGC': 0.002692966810058406, 'CCC': 0.008113874025111042, 'GGA': 0.0073444549365229254, 'TAA': 0.08383170706116881, 'CAT': 0.00828874199979016, 'AAG': 0.014758857062917498, 'ATG': 0.011856048683244151, 'ACA': 0.00496625048088693, 'ATC': 0.009757632987094743, 'AGT': 0.008323715594725983, 'GAA': 0.010701920050361977, 'TAC': 0.007904032455496101, 'TCC': 0.006365194278319868, 'AGG': 0.006260273493512398, 'GGT': 0.0056657223796034, 'GTC': 0.0033574651138390515, 'ACT': 0.007624243696009513, 'CCT': 0.004721435316336166, 'CAC': 0.0032875179239674045, 'TCT': 0.007939006050431924, 'GTA': 0.011856048683244151, 'GAT': 0.00961773860735145, 'AGA': 0.010806840835169447, 'AGC': 0.002902808379673347, 'CAA': 0.007414402126394572, 'CGC': 0.0017137061518553492, 'GAG': 0.00496625048088693, 'GAC': 0.0029727555695449937, 'CTA': 0.009163081873185744, 'GTT': 0.00982758017696639, 'CTG': 0.003392438708774875, 'ACC': 0.005176092050501871, 'TCA': 0.006959745392228867, 'TGA': 0.008253768404854336, 'GCG': 0.0016437589619837023, 'TTG': 0.00912810827824992, 'AAC': 0.007519322911202043, 'TAG': 0.010946735214912741, 'CCA': 0.003252544329031581, 'GCC': 0.002902808379673347, 'CGA': 0.0028328611898017, 'CAG': 0.002902808379673347, 'TGT': 0.005805616759346694, 'ACG': 0.002063442101213584, 'GTG': 0.0034973594935823454, 'GCA': 0.0017137061518553492, 'CGT': 0.0017486797467911727, 'GCT': 0.0022033364809568774, 'TGC': 0.0023782044556359947}"
